<Ui xmlns="http://www.blizzard.com/wow/ui/" xmlns:xsi="http://www.w3.org/2001/XMLSchema-instance" xsi:schemaLocation="http://www.blizzard.com/wow/ui/"> 
	<Button name="oUF_MainTank" inherits="SecureUnitButtonTemplate" hidden="true" virtual="true" movable="true">
		<Frames>
			<Button name="$parentTarget" inherits="SecureUnitButtonTemplate" >
				<Anchors>
					<Anchor point="LEFT" relativePoint="RIGHT" relativeTo="$parent" >
						<Offset>
							<AbsDimension x="8" y="0"/>
						</Offset>
					</Anchor>
				</Anchors>
				<Attributes>
					<Attribute name="unitsuffix" type="string" value="target"/>
					<Attribute name="useparent-unit" type="boolean" value="true"/>
					<Attribute name="type1" type="string" value="target"/>
					<Attribute name="initial-unitWatch" type="boolean" value="true"/>
				</Attributes>
			</Button>
		</Frames>
	</Button>	
</Ui>
