﻿<Ui xmlns="http://www.blizzard.com/wow/ui/">
	<Script file="Core\Init.lua"/>
	<Script file="Core\Constants.lua"/>
	<Script file="Locales\English.lua"/>
	<Script file="Libs\LibStub.lua"/>
	<Include file="Libs\LibSharedMedia-3.0\lib.xml"/>
	<Script file="Config\LibSharedMedia.lua"/>
	<Script file="Config\variables.lua"/>
	<Script file="Config\config.lua"/>
	<Script file="Config\configui.lua"/>
	<Script file="Config\Settings.lua"/>
	<Script file="Config\Fonts.lua"/>
	<Script file="Config\Profiles.lua"/>
	<Script file="Modules\Automation\AutoInvite.lua"/>
	<Script file="Core\GUI.lua"/>
	<Script file="Core\PixelPerfect.lua"/>
	
		
	<Include file="Libs\oUF\oUF.xml"/>
	<Include file="Libs\oGlow\oGlow.xml"/>
	<Script file="Libs\LitePanels\LitePanels.lua"/>
	<Script file="Libs\LitePanels\Layout.lua"/>
	<Script file="Config\DataText.lua"/>
	<Script file="Libs\LiteStats\LiteStats.lua"/>
	<Script file="Libs\LibCooldown.lua"/>
	<Script file="UnitFrames\Colors.lua"/>
	
	
	<Script file="Config\Filters\Announcements.lua"/>
	<Script file="Config\Filters\ArenaControl.lua"/>
	<Script file="Config\Filters\AutoButton.lua"/>
	<Script file="Config\Filters\BadBuffs.lua"/>
	<Script file="Config\Filters\ChannelingTicks.lua"/>
	<Script file="Config\Filters\ChatSpam.lua"/>
	<Script file="Config\Filters\CombatText.lua"/>
	<Script file="Config\Filters\Cooldowns.lua"/>
	<Script file="Config\Filters\Diminishing.lua"/>
	<Script file="Config\Filters\Errors.lua"/>
	<Script file="Config\Filters\Nameplates.lua"/>
	<Script file="Config\Filters\NeedItems.lua"/>
	<Script file="Config\Filters\OpenItems.lua"/>
	<Script file="Config\Filters\RaidAuraWatch.lua"/>
	<Script file="Config\Filters\Reminders.lua"/>
	
	
	<Script file="Core\API.lua"/>
	<Script file="Main\move.lua"/>
	<Script file="Main\Core.lua"/>
	<Script file="Core\Functions.lua"/>
	<Script file="Core\Launch.lua"/>
	<Script file="Core\Disable.lua"/>
	<Script file="Core\Commands.lua"/>
	<Script file="Core\WTF.lua"/>
	<Script file="Core\Kill.lua"/>
	<Script file="Core\Temp.lua"/>
	<Script file="Core\CheckVersion.lua"/>
	<Script file="Core\Panels.lua"/>
	<Script file="Core\Movers.lua"/>
	<Script file="Config\theme.lua"/>
	<Script file="Config\Positions.lua"/>
	<Script file="Config\Spells.lua"/>
	
	<Include file="UnitFrames\uf.xml"/>
	<Include file="UnitFrames\template.xml"/>
	<Include file="UnitFrames\Raid\load.xml"/>
	<Script file="Main\Style.lua"/>	
	<Script file="Modules\Misc\AlreadyKnown.lua"/>
	<Script file="Modules\Misc\Archaeology.lua"/>
	<Script file="Modules\Misc\Author.lua"/>
	<Script file="Modules\Misc\CharsCurrency.lua"/>
	<Script file="Modules\Misc\ClickCast.lua"/>
	<Script file="Modules\Misc\GemCounter.lua"/>
	<Script file="Modules\Misc\GuildFinderSort.lua"/>
	<Script file="Modules\Misc\HealerIconNameplate.lua"/>
	<Script file="Modules\Misc\LFGQueueTimer.lua"/>
	<Script file="Modules\Misc\MagePortals.lua"/>
	<Script file="Modules\Misc\Merchant.lua"/>
	<Script file="Modules\Misc\Misc.lua"/>
	<Script file="Modules\Misc\Mounts.lua"/>
	<Script file="Modules\Misc\MouseoverMarking.lua"/>
	<Script file="Modules\Misc\OneClickBuyOut.lua"/>
	<Script file="Modules\Misc\OneClickDisenchanting.lua"/>
	<Script file="Modules\Misc\OneClickEnchantScroll.lua"/>
	<Script file="Modules\Misc\ProfessionTabs.lua"/>
	<Script file="Modules\Misc\RaidUtility.lua"/>
	<Script file="Modules\Misc\SlotItemLevel.lua"/>
	<Script file="Modules\Misc\SumAucBuyouts.lua"/>
	<Script file="Modules\Misc\Threat.lua"/>
	<Script file="Modules\Misc\TrainAll.lua"/>

	<Script file="Modules\Announcements\BadGear.lua"/>
	<Script file="Modules\Announcements\Drinking.lua"/>
	<Script file="Modules\Announcements\FeastsAndPortals.lua"/>
	<Script file="Modules\Announcements\FlaskAndFood.lua"/>
	<Script file="Modules\Announcements\Interrupts.lua"/>
	<Script file="Modules\Announcements\Lightwell.lua"/>
	<Script file="Modules\Announcements\PullCountdown.lua"/>
	<Script file="Modules\Announcements\SayThanks.lua"/>
	<Script file="Modules\Announcements\Spells.lua"/>
	
	<Script file="Modules\Automation\AchScreens.lua"/>
	<Script file="Modules\Automation\AutoChefsHat.lua"/>
	<Script file="Modules\Automation\AutoSafariHat.lua"/>
	<Script file="Modules\Automation\AutoOpens.lua"/>
	<Script file="Modules\Automation\AutoRelease.lua"/>
	<Script file="Modules\Automation\AutoRepair.lua"/>
	<Script file="Modules\Automation\BuffOnScroll.lua"/>
	<Script file="Modules\Automation\CancelBadBuffs.lua"/>
	<Script file="Modules\Automation\CurrencyCap.lua"/>
	<Script file="Modules\Automation\DeclineDuel.lua"/>
	<Script file="Modules\Automation\LoggingCombat.lua"/>
	<Script file="Modules\Automation\SetRole.lua"/>
	<Script file="Modules\Automation\SkipCinematic.lua"/>
	<Script file="Modules\Automation\SolveArtifact.lua"/>
	<Script file="Modules\Automation\TabBinder.lua"/>
	
	<Script file="Modules\Loot\AutoDisenchant.lua"/>
	<Script file="Modules\Loot\AutoGreed.lua"/>
	<Script file="Modules\Loot\GroupLoot.lua"/>
	<Script file="Modules\Loot\Loot.lua"/>
	<Script file="Modules\Loot\MasterLoot.lua"/>

	<Script file="Modules\Quests\AutoAccept.lua"/>
	<Script file="Modules\Quests\AutoButton.lua"/>
	<Script file="Modules\Quests\AutoCollapse.lua"/>
	<Script file="Modules\Quests\QuestLog.lua"/>
	<Script file="Modules\Quests\WatchFrame.lua"/>
	<Script file="Modules\Quests\WowheadLink.lua"/>

	
	<Script file="Main\Minimap.lua"/>
	<Script file="Main\Cooldown.lua"/>
	<Script file="Main\Fonts.lua"/>
	<Script file="Main\Log.lua"/>
	<Script file="Main\Style.lua"/>
	<Script file="Main\miscS.lua"/>
	
	<Script file="Misc\Threatbar.lua"/>
	<Script file="Misc\ClassTimer.lua"/>
	<Script file="Misc\Filger.lua"/>
	<Script file="Misc\MarkBar.lua"/>
	<Script file="Misc\MBFToggle.lua"/>
	<Script file="Misc\RaidCooldowns.lua"/>
	<Script file="Misc\XPBar.lua"/>
	<Script file="Misc\CooldownFlash.lua"/>
	<Script file="Datatext\Positions.lua"/>
	<Script file="Datatext\Durability.lua"/>
	<Script file="Datatext\System.lua"/>
	<Script file="Datatext\Friend.lua"/>
	<Script file="Datatext\Gold.lua"/>
	<Script file="Datatext\Guild.lua"/>
	<Script file="Datatext\Bags.lua"/>
	<Script file="Datatext\Time.lua"/>
	<Script file="Datatext\Armor.lua"/>
	<Script file="Datatext\Avoidance.lua"/>
	<Script file="Datatext\Crit.lua"/>
	<Script file="Datatext\Haste.lua"/>
	<Script file="Datatext\Multistrike.lua"/>
	<Script file="Datatext\versatility.lua"/>
	<Script file="Datatext\Mastery.lua"/>
	<Script file="Datatext\Power.lua"/>
	<Script file="Datatext\Regen.lua"/>
	<Script file="Datatext\Talent.lua"/>
	<Script file="Datatext\Arena.lua"/>
	<Script file="Datatext\Temp.lua"/>
	<Script file="Datatext\location.lua"/>
		
	<Script file="Modules\Announcements\BadGear.lua"/>
	<Script file="Modules\Announcements\Drinking.lua"/>
	<Script file="Modules\Announcements\FeastsAndPortals.lua"/>
	<Script file="Modules\Announcements\FlaskAndFood.lua"/>
	<Script file="Modules\Announcements\Interrupts.lua"/>
	<Script file="Modules\Announcements\Lightwell.lua"/>
	<Script file="Modules\Announcements\PullCountdown.lua"/>
	<Script file="Modules\Announcements\SayThanks.lua"/>
	<Script file="Modules\Announcements\Spells.lua"/>
	
	<Script file="Modules\Automation\AchScreens.lua"/>
	<Script file="Modules\Automation\AutoChefsHat.lua"/>
	<Script file="Modules\Automation\AutoRelease.lua"/>
	<Script file="Modules\Automation\BuffOnScroll.lua"/>
	<Script file="Modules\Automation\CancelBadBuffs.lua"/>
	<Script file="Modules\Automation\CurrencyCap.lua"/>
	<Script file="Modules\Automation\DeclineDuel.lua"/>
	<Script file="Modules\Automation\LoggingCombat.lua"/>
	<Script file="Modules\Automation\SetRole.lua"/>
	<Script file="Modules\Automation\SkipCinematic.lua"/>
	<Script file="Modules\Automation\SolveArtifact.lua"/>
	<Script file="Modules\Automation\TabBinder.lua"/>
	
	<Script file="Modules\Blizzard\Achievements.lua"/>
	<Script file="Modules\Blizzard\AltPowerBar.lua"/>
	<Script file="Modules\Blizzard\Bags.lua"/>
	<Script file="Modules\Blizzard\CaptureBar.lua"/>
	<Script file="Modules\Blizzard\ColorPicker.lua"/>
	<Script file="Modules\Blizzard\CombatText.lua"/>
	<Script file="Modules\Blizzard\Durability.lua"/>
	<Script file="Modules\Blizzard\Errors.lua"/>
	<Script file="Modules\Blizzard\ExtraActionBar.lua"/>
	<Script file="Modules\Blizzard\Fixes.lua"/>
	<Script file="Modules\Blizzard\Fonts.lua"/>
	<Script file="Modules\Blizzard\FriendList.lua"/>
	<Script file="Modules\Blizzard\Mail.lua"/>
	<Script file="Modules\Blizzard\MirrorBars.lua"/>
	<Script file="Modules\Blizzard\MoveBlizzFrames.lua"/>
	<Script file="Modules\Blizzard\Nameplates.lua"/>
	<Script file="Modules\Blizzard\PetBattle.lua"/>
	<Script file="Modules\Blizzard\ShiftMark.lua"/>
	<Script file="Modules\Blizzard\TimerTracker.lua"/>
	<Script file="Modules\Blizzard\Vehicle.lua"/>
	
	<Script file="Modules\Buffs\AuraSource.lua"/>
	<Script file="Modules\Buffs\BuffFrame.lua"/>
	<Script file="Modules\Buffs\ConsolidatedBuffs.lua"/>
	<Script file="Modules\Buffs\SelfBuffsReminder.lua"/>
	<Script file="Modules\Buffs\RaidBuffsReminder.lua"/>
	
	<Script file="Modules\Chat\ChatFrames.lua"/>
	<Script file="Modules\Chat\ChatTabs.lua"/>
	<Script file="Modules\Chat\CopyUrl.lua"/>
	<Script file="Modules\Chat\CopyChat.lua"/>
	<Script file="Modules\Chat\ChatBars.lua"/>
	<Script file="Modules\Chat\Filters.lua"/>
	<Script file="Modules\Chat\Invite.lua"/>
	<Script file="Modules\Chat\MouseScroll.lua"/>
	<Script file="Modules\Chat\Sounds.lua"/>
	<Script file="Modules\Chat\TellTarget.lua"/>
	<Script file="Modules\Chat\RealLinks.lua"/>
	<Script file="Modules\Chat\ArmoryLink.lua"/>
	<Script file="Modules\Chat\SpamageMeters.lua"/>
	<Script file="Modules\Chat\ChatBind.lua"/>
		
	<Script file="Modules\Maps\BattlefieldMap.lua"/>
	<Script file="Modules\Maps\ButtonCollect.lua"/>
	<Script file="Modules\Maps\ExploreMap.lua"/>
	<Script file="Modules\Maps\FogOfWar.lua"/>
	<Script file="Modules\Maps\MapBossCount.lua"/>
	<Script file="Modules\Maps\MiniMap.lua"/>
	<Script file="Modules\Maps\MiniMapButtons.lua"/>
	<Script file="Modules\Maps\ToggleMenu.lua"/>
	<Script file="Modules\Maps\WorldMap.lua"/>
	
	<Include file="Modules\Skins\Blizzard\LoadFrames.xml"/>
	<Script file="Modules\Skins\Ace3.lua"/>
	<Script file="Modules\Skins\AtlasLoot.lua"/>
	<Script file="Modules\Skins\Aurora.lua"/>
	<Script file="Modules\Skins\Bartender4.lua"/>
	<Script file="Modules\Skins\BigWigs.lua"/>
	<Script file="Modules\Skins\BloodShieldTracker.lua"/>
	<Script file="Modules\Skins\Capping.lua"/>
	<Script file="Modules\Skins\CLCProt.lua"/>
	<Script file="Modules\Skins\CLCRet.lua"/>
	<Script file="Modules\Skins\Clique.lua"/>
	<Script file="Modules\Skins\CombustionHelper.lua"/>
	<Script file="Modules\Skins\CoolLine.lua"/>
	<Script file="Modules\Skins\DBM.lua"/>
	<Script file="Modules\Skins\Dominos.lua"/>
	<Script file="Modules\Skins\DXE.lua"/>
	<Script file="Modules\Skins\FaceShooter.lua"/>
	<Script file="Modules\Skins\FlyoutButtonCustom.lua"/>
	<Script file="Modules\Skins\MageNuggets.lua"/>
	<Script file="Modules\Skins\MyRolePlay.lua"/>
	<Script file="Modules\Skins\NPCScan.lua"/>
	<Script file="Modules\Skins\NugRunning.lua"/>
	<Script file="Modules\Skins\Omen.lua"/>
	<Script file="Modules\Skins\Ovale.lua"/>
	<Script file="Modules\Skins\PallyPower.lua"/>
	<Script file="Modules\Skins\Recount.lua"/>
	<Script file="Modules\Skins\Skada.lua"/>
	<Script file="Modules\Skins\TinyDPS.lua"/>
	<Script file="Modules\Skins\VanasKoS.lua"/>
	<Script file="Modules\Skins\WeakAuras.lua"/>
	<Script file="Modules\Skins\tmp.lua"/>
	<Script file="Modules\Tooltip\Tooltip.lua"/>
	<Script file="Modules\Tooltip\HyperLink.lua"/>
	<Script file="Modules\Tooltip\Achievement.lua"/>
	<Script file="Modules\Tooltip\Talents.lua"/>
	<Script file="Modules\Tooltip\ItemIcons.lua"/>
	<Script file="Modules\Tooltip\ItemLevel.lua"/>
	<Script file="Modules\Tooltip\MultiItemRef.lua"/>
	<Script file="Modules\Tooltip\PvPRating.lua"/>
	<Script file="Modules\Tooltip\RuFix.lua"/>
	<Script file="Modules\Tooltip\SpellID.lua"/>
	<Script file="Modules\Tooltip\ItemCount.lua"/>
	<Script file="Modules\Tooltip\UnitRole.lua"/>
	<Script file="Modules\Tooltip\CheckItemTransmogrify.lua"/>
	<Script file="Modules\Tooltip\InstanceLockCompare.lua"/>
</Ui>